filename,Source,class,Confidence,xmin,xmax,ymin,ymax,IsOccluded,IsTruncated,IsGroupOf,IsDepiction,IsInside
00016982f6086d39,xclick,Mobilephone,1,0,0.997222,0,0.998438,0,1,0,0,0
0002a1a755d730ca,xclick,Mobilephone,1,0.178125,0.409375,0.339583,0.695833,1,0,0,0,0
000384bb6da4764b,xclick,Mobilephone,1,0.695545,0.985148,0.434375,0.80375,0,0,0,0,0
0005829bfcf77ca3,xclick,Mobilephone,1,0.611875,0.699375,0.585458,0.787535,1,0,0,0,0
000a1a700c0c7950,xclick,Mobilephone,1,0.165179,0.8375,0.0675,0.924375,0,0,0,0,0
000ad20b5e452b24,xclick,Mobilephone,1,0,0.603125,0.192188,0.917188,0,1,0,0,0
000ad20b5e452b24,xclick,Mobilephone,1,0.407813,0.998438,0.134375,0.91875,1,1,0,0,0
000e85ca05dc7061,activemil,Mobilephone,1,0,0.995833,0,0.990625,-1,-1,-1,-1,-1
000f78a66fd29c49,activemil,Mobilephone,1,0.015625,1,0,0.935417,-1,-1,-1,-1,-1
000f9ebbd5fc3745,xclick,Mobilephone,1,0.190625,0.889063,0.056604,0.96934,0,0,0,0,0
0010383f11a3d639,xclick,Mobilephone,1,0.047037,0.438382,0.77625,0.883125,1,0,0,0,0
00115506f32aa051,xclick,Mobilephone,1,0.12758,0.61257,0.604375,0.795,1,0,0,0,0
001443707749da02,xclick,Mobilephone,1,0.170625,0.8025,0.107778,0.984444,0,0,0,0,0
001ea39577de276e,xclick,Mobilephone,1,0.16375,0.430625,0.151458,0.924741,0,0,0,0,0
001f581f2f2db648,xclick,Mobilephone,1,0.440635,0.641304,0.22375,0.48375,0,0,0,0,0
001f581f2f2db648,xclick,Mobilephone,1,0.592809,0.707358,0.515,0.663125,0,0,0,1,0
001f581f2f2db648,xclick,Mobilephone,1,0.732441,0.814381,0.531875,0.644375,0,0,0,1,0
00205b05bcd4257a,xclick,Mobilephone,1,0.146875,0.85,0.029687,0.998438,1,0,0,0,0
00209998b801428e,xclick,Mobilephone,1,0.653906,0.8875,0.755463,0.806452,1,0,0,0,0
00265dc299fe941e,xclick,Mobilephone,1,0.078189,0.170096,0.27439,0.550813,0,0,0,1,0
00268794e47eba14,xclick,Mobilephone,1,0.02625,0.981875,0.094041,0.89013,1,0,0,0,0
002b6c5e434980df,xclick,Mobilephone,1,0,0.999375,0,0.998817,0,1,0,0,0
002f269e98e55152,xclick,Mobilephone,1,0.784375,0.935625,0.191083,0.687898,0,0,0,1,0
0033d09deafc7bcd,xclick,Mobilephone,1,0.033125,0.878125,0.104167,0.975833,0,0,0,0,0
003b80fc0494a9f4,xclick,Mobilephone,1,0.06875,0.507812,0.12,0.92,0,0,0,0,0
003b80fc0494a9f4,xclick,Mobilephone,1,0.354688,0.7625,0.061176,0.776471,0,0,0,0,0
003e60ca48d19315,xclick,Mobilephone,1,0,0.853125,0,0.999062,1,1,0,0,0
0042be9528ce34ea,xclick,Mobilephone,1,0.185741,0.755159,0.1475,0.87625,0,0,0,0,0
0043dbedaa3b4d82,xclick,Mobilephone,1,0.023125,0.27625,0.599334,0.99889,1,1,0,0,0
00466355fee86d79,xclick,Mobilephone,1,0.245,0.75875,0.396811,0.699812,0,0,0,0,0
004e556570882f12,xclick,Mobilephone,1,0.804688,0.976562,0.410937,0.729688,1,0,0,0,0
00507b5d6fdd6468,xclick,Mobilephone,1,0.186875,0.865625,0.055451,0.87312,0,0,0,0,0
0054c91397f2fe05,xclick,Mobilephone,1,0.21125,0.784375,0.274802,0.599649,0,0,0,0,0
0056b6f30e44474e,xclick,Mobilephone,1,0.153125,0.242188,0.316667,0.623611,0,0,0,1,0
0056b6f30e44474e,xclick,Mobilephone,1,0.601562,0.720312,0.330556,0.718056,0,0,0,1,0
005cb9e795fa91de,xclick,Mobilephone,1,0.20625,0.682813,0.353125,0.848437,1,1,0,0,0
005d6523f6f0aa2f,xclick,Mobilephone,1,0.360625,0.639375,0.055,0.92,0,0,0,0,0
005e0e8e16d795b4,xclick,Mobilephone,1,0.07375,0.941875,0,0.999066,1,1,0,0,0
00613c113f75a36b,xclick,Mobilephone,1,0.33375,0.866875,0.1475,0.999167,1,1,0,0,0
0064c1d786be5321,xclick,Mobilephone,1,0,0.7575,0.036667,0.999167,0,1,0,0,0
006512eb4a092212,xclick,Mobilephone,1,0.2625,0.488125,0.202991,0.529915,1,0,0,0,0
006512eb4a092212,xclick,Mobilephone,1,0.54625,0.70875,0.386752,0.725427,1,0,0,0,0
006881240855f4a9,xclick,Mobilephone,1,0.188125,0.35,0.613491,0.976299,1,0,0,0,0
006881240855f4a9,xclick,Mobilephone,1,0.318125,0.471875,0.376481,0.652689,1,0,0,0,0
006881240855f4a9,xclick,Mobilephone,1,0.35125,0.488125,0.660893,0.983592,1,0,0,0,0
006881240855f4a9,xclick,Mobilephone,1,0.494375,0.644375,0.389243,0.671832,1,0,0,0,0
006881240855f4a9,xclick,Mobilephone,1,0.540625,0.56125,0.670009,0.967183,1,0,0,0,0
006881240855f4a9,xclick,Mobilephone,1,0.59375,0.75,0.674567,0.999088,1,0,0,0,0
006aad90e11a5d73,xclick,Mobilephone,1,0.37125,0.650625,0.232645,0.93621,1,0,0,0,0
0540e1278fc37506,xclick,Mobilephone,1,0.48,0.543125,0.417659,0.60119,0,0,0,0,0
0540e1278fc37506,xclick,Mobilephone,1,0.505625,0.589375,0.605159,0.735119,0,0,0,0,0
0540e1278fc37506,xclick,Mobilephone,1,0.538125,0.609375,0.427579,0.609127,0,0,0,0,0
0540e1278fc37506,xclick,Mobilephone,1,0.555625,0.725,0.775794,0.999008,0,1,0,0,0
0540e1278fc37506,xclick,Mobilephone,1,0.601875,0.6775,0.434524,0.626984,0,0,0,0,0
0540e1278fc37506,xclick,Mobilephone,1,0.601875,0.703125,0.632937,0.781746,0,0,0,0,0
0540e1278fc37506,xclick,Mobilephone,1,0.609375,0.696875,0.271825,0.444444,1,0,0,0,0
0540e1278fc37506,xclick,Mobilephone,1,0.67375,0.756875,0.450397,0.65377,0,0,0,0,0
0540e1278fc37506,xclick,Mobilephone,1,0.709375,0.87,0.700397,0.869048,0,0,0,0,0
0540e1278fc37506,xclick,Mobilephone,1,0.743125,0.845625,0.470238,0.706349,0,0,0,0,0
0540e1278fc37506,xclick,Mobilephone,1,0.82125,0.946875,0.499008,0.769841,0,0,0,0,0
0540e1278fc37506,xclick,Mobilephone,1,0.88,0.99375,0.188492,0.475198,1,0,0,0,0
0544a142bcd6efd7,xclick,Mobilephone,1,0.07,0.935625,0.151032,0.814259,0,0,0,0,0
054948a52547cc48,activemil,Mobilephone,1,0,0.999375,0.043071,1,0,1,0,0,0
054dd4ca2a338f8d,xclick,Mobilephone,1,0.049805,0.429688,0.071742,0.843338,0,0,0,0,0
054dd4ca2a338f8d,xclick,Mobilephone,1,0.449219,0.831055,0.081991,0.843338,0,0,0,0,0
055280b46011ab9a,xclick,Mobilephone,1,0.065625,0.442187,0.1625,0.997917,0,1,0,0,0
05551391c119d3cc,xclick,Mobilephone,1,0,0.998438,0,0.998958,0,1,0,0,0
0555a1f17c73207c,activemil,Mobilephone,1,0.678125,0.842188,0.089583,0.4,1,0,0,0,0
05584c580a3fb7c4,xclick,Mobilephone,1,0,0.45875,0.231203,0.416353,1,1,0,0,0
05584c580a3fb7c4,xclick,Mobilephone,1,0,0.77,0.329887,0.703008,0,1,0,0,0
05584c580a3fb7c4,xclick,Mobilephone,1,0.57875,0.999375,0.419173,0.93515,0,1,0,0,0
055cd18de2c75a81,xclick,Mobilephone,1,0.270625,0.815625,0.103933,0.999064,1,1,0,0,0
056669372a21ff04,xclick,Mobilephone,1,0.329688,0.795313,0.059375,0.940625,0,0,0,0,0
0568903bc8b65da0,xclick,Mobilephone,1,0.245625,0.515,0.120471,0.881341,0,0,0,0,0
0568903bc8b65da0,xclick,Mobilephone,1,0.550625,0.809375,0.094203,0.874094,0,0,0,0,0
056df2a0635a0d6b,xclick,Mobilephone,1,0.310625,0.68,0.089888,0.990637,1,0,0,0,0
056e296765345890,xclick,Mobilephone,1,0.020806,0.988297,0.007716,0.615741,0,0,0,0,0
057ca8e7052d2ce4,xclick,Mobilephone,1,0.185625,0.776875,0.045,0.971875,1,0,0,0,0
0580a20ac9d2bbd4,xclick,Mobilephone,1,0.228125,0.770625,0,0.999167,0,1,0,0,0
0584472b0ce3ecfb,xclick,Mobilephone,1,0.207516,0.289216,0.689542,0.844771,1,0,0,1,0
0584472b0ce3ecfb,xclick,Mobilephone,1,0.243464,0.339869,0.697712,0.859477,0,0,0,1,0
0584472b0ce3ecfb,xclick,Mobilephone,1,0.251634,0.370915,0.099673,0.243464,0,0,0,0,0
0584472b0ce3ecfb,xclick,Mobilephone,1,0.439542,0.493464,0.138889,0.21732,0,0,0,1,0
059062103b691ffb,xclick,Mobilephone,1,0.1725,0.9625,0.361667,0.76,1,0,0,0,0
05957bdf1b4f1cfd,activemil,Mobilephone,1,0.036262,0.232915,0.49323,0.857834,1,0,0,0,0
0597ca47b64bb2c3,xclick,Mobilephone,1,0.329375,0.670625,0.086522,0.934276,0,0,0,0,0
0598837d0bfd9d39,xclick,Mobilephone,1,0.24125,0.41625,0.209193,0.694184,1,0,0,0,0
059ac7b0bdad50fd,xclick,Mobilephone,1,0.195988,0.799383,0,0.9967,1,1,0,0,0
05a159db26047eb8,xclick,Mobilephone,1,0,0.999375,0.051667,0.785,0,1,0,0,0
05a4b86627af46a0,xclick,Mobilephone,1,0.584375,0.999375,0.144167,0.741667,0,1,0,0,0
05a9204487d04a8c,xclick,Mobilephone,1,0.470625,0.745,0.108818,0.963415,0,0,0,0,0
05ad5685d6aa3524,xclick,Mobilephone,1,0.171875,0.973437,0.116667,0.554167,1,0,0,0,0
05b6ce697e11ffb1,xclick,Mobilephone,1,0,0.85625,0,0.92,0,1,0,0,0
05c3562ce77d91f8,xclick,Mobilephone,1,0.474634,0.574972,0.823129,0.882653,1,0,1,0,0
23033ee476c3f5ad,activemil,Mobilephone,1,0.42875,0.5625,0.179174,0.536585,0,0,0,0,0
231a41f1cc349be6,activemil,Mobilephone,1,0.229831,0.787992,0.505,0.988125,0,0,0,0,0
232cfc6e42314a50,activemil,Mobilephone,1,0.223265,0.486867,0.1775,0.498125,0,0,0,1,0
232cfc6e42314a50,xclick,Mobilephone,1,0.453096,0.783302,0.3675,0.495625,1,0,0,1,0
234c94f7c3a019d1,activemil,Mobilephone,1,0.291875,0.960625,0,1,0,1,0,0,0
236223b8a9201897,activemil,Mobilephone,1,0.148693,0.862745,0.031046,0.97549,0,0,0,0,0
23ddb7e56755c85b,activemil,Mobilephone,1,0.186875,0.34375,0.706767,0.974624,1,0,0,0,0
241668f92aeac992,activemil,Mobilephone,1,0.383784,0.895495,0.56,0.97,1,0,0,0,0
241668f92aeac992,xclick,Mobilephone,1,0.05045,0.415315,0.294375,0.7025,1,0,0,0,0
241668f92aeac992,xclick,Mobilephone,1,0.558559,0.764865,0.2875,0.526875,1,0,0,0,0
241e77f2f14c82ca,activemil,Mobilephone,1,0.493433,0.939963,0.223377,0.683117,1,0,0,0,0
241e77f2f14c82ca,xclick,Mobilephone,1,0.081301,0.512821,0.225974,0.678571,0,0,0,0,0
2457b1e78e904063,activemil,Mobilephone,1,0.21,0.753333,0,1,1,1,1,0,0
2469b77fbdedbda5,xclick,Mobilephone,1,0.203125,0.501562,0.143192,0.610329,1,0,0,1,0
2469b77fbdedbda5,xclick,Mobilephone,1,0.578125,0.871875,0.258216,0.894366,0,0,0,0,0
2482740539d142a7,activemil,Mobilephone,1,0.107741,0.892259,0,0.929375,0,0,0,0,0
2488cc12d3e953e5,activemil,Mobilephone,1,0.034375,0.957812,0.169014,0.823944,0,0,0,0,0
248b2def77f8b1ba,activemil,Mobilephone,1,0.285141,0.817938,0.085676,0.947791,1,0,0,0,0
24a7927d565f53ac,activemil,Mobilephone,1,0.048437,0.776563,0,0.978125,0,1,0,0,0
24a7dd8d6c25f446,xclick,Mobilephone,1,0.275,0.658125,0.065,0.9525,0,0,0,0,0
24a7dd8d6c25f446,xclick,Mobilephone,1,0.5475,0.610625,0.253333,0.4425,1,0,0,1,0
24a7dd8d6c25f446,xclick,Mobilephone,1,0.611875,0.770625,0.2825,0.7125,1,0,0,1,0
24bbfb942e5786ed,activemil,Mobilephone,1,0.105469,0.255859,0.645833,0.888021,1,0,0,1,0
24bec1223e71dbe2,xclick,Mobilephone,1,0,0.998889,0,0.994437,0,0,0,0,0
24bec1223e71dbe2,xclick,Mobilephone,1,0.555556,0.756667,0.300417,0.435327,1,0,0,1,0
24cafc5df35632d9,activemil,Mobilephone,1,0.185937,0.34375,0.183333,0.441667,1,0,0,0,0
24d1f72d991e3f29,activemil,Mobilephone,1,0.1625,0.401563,0.66875,0.972917,0,0,0,0,0
24d284b9c7a013aa,activemil,Mobilephone,1,0.255625,0.73125,0.080675,0.944653,1,0,0,0,0
24d76bb547015948,activemil,Mobilephone,1,0.564062,0.790625,0.370313,0.679688,0,0,0,1,0
24d76bb547015948,xclick,Mobilephone,1,0,0.139062,0.626562,0.75625,0,1,0,1,0
24d76bb547015948,xclick,Mobilephone,1,0.042188,0.190625,0.576563,0.696875,0,0,0,1,0
24d76bb547015948,xclick,Mobilephone,1,0.115625,0.378125,0.675,0.9625,0,0,0,1,0
24d76bb547015948,xclick,Mobilephone,1,0.210938,0.329688,0.414062,0.54375,0,0,0,1,0
24d76bb547015948,xclick,Mobilephone,1,0.279687,0.5625,0.51875,0.846875,1,0,0,1,0
24d76bb547015948,xclick,Mobilephone,1,0.284375,0.4,0.396875,0.51875,0,0,0,1,0
24d76bb547015948,xclick,Mobilephone,1,0.4625,0.575,0.264062,0.376563,0,0,0,1,0
24d76bb547015948,xclick,Mobilephone,1,0.542188,0.65,0.251563,0.364062,0,0,0,1,0
24d76bb547015948,xclick,Mobilephone,1,0.759375,0.892187,0.509375,0.654688,0,0,0,1,0
24d76bb547015948,xclick,Mobilephone,1,0.832812,0.953125,0.5,0.635938,0,0,0,1,0
24d76bb547015948,xclick,Mobilephone,1,0.859375,0.998438,0.242188,0.46875,0,1,0,1,0
24d76bb547015948,xclick,Mobilephone,1,0.895312,0.998438,0.4875,0.620313,0,1,0,1,0
24d76bb547015948,xclick,Mobilephone,1,0.959375,0.998438,0.48125,0.55,0,1,0,1,0
24db1f1341871217,activemil,Mobilephone,1,0.366347,0.641108,0.148438,0.901563,1,0,0,0,0
24dcf1edd71df8bd,xclick,Mobilephone,1,0.084249,0.403846,0.674667,0.842,1,0,0,0,0
252ba2ad2b24ab6c,activemil,Mobilephone,1,0.71625,0.81,0.868297,0.982126,1,0,0,0,0
253c5d6643555df5,activemil,Mobilephone,1,0.025625,0.785,0.154784,1,0,1,0,0,0
254d821065b674ef,xclick,Mobilephone,1,0.718602,0.857413,0.740625,0.844375,1,0,0,0,0
256cffa1ba1a703a,xclick,Mobilephone,1,0.3125,0.66625,0.169476,0.871723,1,0,0,0,0
25727bb351f8e043,activemil,Mobilephone,1,0.493125,0.791875,0.018889,0.968889,0,0,0,0,0
258d1e790942cdd4,activemil,Mobilephone,1,0.0025,0.67,0.362101,0.760788,1,1,0,0,0
25a9a977b53cf44c,activemil,Mobilephone,1,0.554545,0.689091,0.114478,0.592593,1,0,0,1,0
25a9a977b53cf44c,xclick,Mobilephone,1,0.232727,0.347273,0.107744,0.579125,0,0,0,1,0
25bca9edfeddbe3b,xclick,Mobilephone,1,0.603125,0.699375,0.82364,0.999062,1,0,0,0,0
25bca9edfeddbe3b,xclick,Mobilephone,1,0.65875,0.681875,0.276735,0.349906,1,0,0,0,0
25d902fdca9452ff,xclick,Mobilephone,1,0.17,0.478125,0.121951,0.856473,0,0,0,0,0
25d902fdca9452ff,xclick,Mobilephone,1,0.4675,0.795625,0.26454,0.454972,1,0,0,1,0
25f1b047f5868fa8,activemil,Mobilephone,1,0.221875,0.865625,0.169794,0.653846,1,0,0,0,0
261449fe30252ad2,activemil,Mobilephone,1,0,0.86875,0.005,0.911667,1,1,0,0,0
2631ed06a15c9530,activemil,Mobilephone,1,0.1525,0.765625,0.336142,0.730337,0,0,0,0,0
2631ed06a15c9530,xclick,Mobilephone,1,0.128125,0.67125,0,0.370787,1,1,0,0,0
265b81bc0af1580a,activemil,Mobilephone,1,0.078125,0.66625,0.090056,0.520638,1,0,0,0,0
266588edcbd8c205,activemil,Mobilephone,1,0.236726,0.772124,0.015,0.884375,0,0,0,0,0
2687b53a86d22f9d,xclick,Mobilephone,1,0.154375,0.941875,0.082552,0.986867,0,0,0,0,0
268d830e9675269e,activemil,Mobilephone,1,0.084438,0.464759,0.303862,0.956301,0,0,0,0,0
268d830e9675269e,xclick,Mobilephone,1,0.405443,0.882066,0.087398,0.64939,0,0,0,0,0
2691330347c1fdba,activemil,Mobilephone,1,0.451577,0.64527,0.509213,0.676717,0,0,0,0,0
2697deebb5d39480,activemil,Mobilephone,1,0.07302,0.860148,0.04875,0.69625,0,0,0,0,0
2697f3b12f75351d,xclick,Mobilephone,1,0.53,0.999375,0.336773,0.905253,1,1,0,0,0
269c1a5d6957d4ef,activemil,Mobilephone,1,0.110625,1,0.042214,0.816135,0,1,0,0,0
269f684f07c20bae,xclick,Mobilephone,1,0,0.997222,0,0.998077,0,0,0,0,0
26af632de9e0eaf8,xclick,Mobilephone,1,0.562077,0.698646,0.084674,0.217612,0,0,0,1,0
26c6d37e5439dad2,activemil,Mobilephone,1,0.196875,0.79375,0.147695,0.888993,0,0,0,0,0
26d3a12b7c0e8399,activemil,Mobilephone,1,0.440625,0.985937,0.235938,0.909375,1,1,0,1,0
26d47554caf48968,activemil,Mobilephone,1,0.24625,0.870625,0.048689,0.998127,1,1,0,0,0
26e24a62fbced51b,xclick,Mobilephone,1,0.384984,0.916933,0.106667,0.723333,1,0,0,0,0
26e6422333beaa2e,xclick,Mobilephone,1,0.276382,0.623953,0.28625,0.79375,1,0,0,0,0
26f90151178e02cf,activemil,Mobilephone,1,0.317,0.682,0.202,0.817,0,0,0,0,0
2703ff7585c9c516,activemil,Mobilephone,1,0.103125,0.360625,0.161531,0.412698,1,0,0,0,0
272ad31ad8bbc459,activemil,Mobilephone,1,0.12,0.79125,0.070833,0.9925,0,1,0,0,0
2746ab66ac2783b5,activemil,Mobilephone,1,0.691262,0.799029,0.499283,0.672884,0,0,0,0,0
276f712a246f9742,activemil,Mobilephone,1,0,0.946154,0.084615,0.925,1,0,0,0,0
277fb16e977e55db,activemil,Mobilephone,1,0.024112,0.893401,0,0.918125,0,0,0,0,0
2791e7eb4e1f4596,xclick,Mobilephone,1,0,0.994286,0.0125,0.9975,0,0,0,0,0
2795e27c9b88eb15,activemil,Mobilephone,1,0.485714,0.744589,0.378125,0.56625,1,0,0,0,0
27a334de63a58c5c,activemil,Mobilephone,1,0.0475,0.535,0.17,0.998333,0,1,0,0,0
27a47d41f4faf3df,activemil,Mobilephone,1,0.121875,0.454375,0.51349,0.743255,0,0,0,0,0
27a88b7d9f2231c3,xclick,Mobilephone,1,0.11625,0.88375,0,0.540833,0,1,0,0,0
27bd54a16593bd89,activemil,Mobilephone,1,0.0325,0.96,0.091932,0.899625,0,0,0,0,0
27c6d10cfdc4cffd,activemil,Mobilephone,1,0.168856,0.737336,0.16125,0.81,0,0,0,0,0
27c6e5821ed2629b,activemil,Mobilephone,1,0.135,0.633125,0.099437,0.971857,1,0,0,0,0
27e037be2954daa0,xclick,Mobilephone,1,0.34875,0.74,0.153333,0.434167,1,0,0,0,0
27ed302596ad51cd,xclick,Mobilephone,1,0.58875,0.713125,0.21128,0.478066,1,0,0,0,0
2809c16d1fe9b1ce,xclick,Mobilephone,1,0.021739,0.972826,0.01,0.995,0,0,0,1,0
282e98a920e84a27,activemil,Mobilephone,1,0.39375,0.654375,0.550186,0.750929,1,0,0,0,0
284ce43a9549a7bb,xclick,Mobilephone,1,0.059375,0.950625,0.100833,0.999167,1,1,0,0,0
287ae77b9c8d8f0e,activemil,Mobilephone,1,0.031299,0.214397,0.70375,0.9125,1,0,0,0,0
287ae77b9c8d8f0e,xclick,Mobilephone,1,0.048513,0.175274,0.48125,0.554375,1,0,0,0,0
287ae77b9c8d8f0e,xclick,Mobilephone,1,0.679969,0.913146,0.5425,0.71875,1,0,0,0,0
2881813385003c56,activemil,Mobilephone,1,0.303371,0.524345,0.648125,0.896875,1,0,0,0,0
289c733d4d8d5911,activemil,Mobilephone,1,0.234375,0.87125,0.171802,0.864613,0,0,0,0,0
28a1f2139ae612da,activemil,Mobilephone,1,0.015241,0.953429,0.050536,0.897397,0,0,0,0,0
28a57efc62c1c329,activemil,Mobilephone,1,0.225625,0.780625,0.485929,0.967167,0,1,0,0,0
28a9efdee4833e49,activemil,Mobilephone,1,0.4625,0.635625,0.427136,0.719431,1,0,0,0,0
4d5478d0a04aeaa0,activemil,Mobilephone,1,0.635621,0.887255,0.075163,0.415033,0,0,0,0,0
4d5478d0a04aeaa0,xclick,Mobilephone,1,0.034314,0.495098,0.583333,0.939542,1,0,0,0,0
4d57bed2a5c61115,activemil,Mobilephone,1,0.280208,0.739583,0.032812,0.985156,0,1,0,0,0
4d57bed2a5c61115,xclick,Mobilephone,1,0.217708,0.376042,0.053906,0.442187,1,0,0,1,0
4d587d2ec9b7e94f,activemil,Mobilephone,1,0.029375,0.933125,0.02,0.9825,0,1,0,0,0
4d59f8dc0c607aa8,activemil,Mobilephone,1,0.19875,0.303125,0.199812,0.448405,0,0,0,0,0
4d5a2bfc6cef0397,xclick,Mobilephone,1,0.121875,0.465625,0.045,0.92,1,0,0,0,0
4d60f23c372ea466,xclick,Mobilephone,1,0,0.999375,0,0.999062,0,1,0,0,0
4d7520d287589423,activemil,Mobilephone,1,0.339844,0.790625,0.253224,0.873388,1,0,0,0,0
4d7df8bc913ce40d,activemil,Mobilephone,1,0.823125,0.969375,0.044733,0.836941,0,0,0,0,0
4d7df8bc913ce40d,xclick,Mobilephone,1,0.0175,0.191875,0.037518,0.854257,0,0,0,0,0
4d7df8bc913ce40d,xclick,Mobilephone,1,0.2125,0.390625,0.046176,0.84127,0,0,0,0,0
4d7df8bc913ce40d,xclick,Mobilephone,1,0.41375,0.590625,0.04329,0.845599,0,0,0,0,0
4d7df8bc913ce40d,xclick,Mobilephone,1,0.608125,0.790625,0.037518,0.838384,0,0,0,0,0
4d85e2416e014cc7,activemil,Mobilephone,1,0.245714,0.828571,0.027957,0.984946,0,0,0,0,0
4d8cbb25e0332b63,activemil,Mobilephone,1,0.253125,0.865625,0.351562,0.707812,1,0,0,0,0
4d93eb0d2d2d6928,activemil,Mobilephone,1,0.1,0.853333,0.059375,0.955,0,1,0,0,0
4db666bcaf4a2074,xclick,Mobilephone,1,0.435,0.79375,0.283835,0.798872,1,0,0,0,0
4db74e15923dd476,activemil,Mobilephone,1,0.341875,0.67,0.054409,0.987805,0,0,0,0,0
4dc1a18eebb10acc,activemil,Mobilephone,1,0.4575,0.806875,0.043074,1,0,1,0,0,0
4dd7bef2b50e60f5,activemil,Mobilephone,1,0.41125,0.58375,0.359287,0.685741,1,0,0,0,0
4deb4ae3fab39a56,xclick,Mobilephone,1,0.576797,0.764706,0.189542,0.434641,0,0,0,0,0
4e0a7244083ee963,xclick,Mobilephone,1,0.56125,0.999375,0.09125,0.999375,1,1,0,1,0
4e1f1ccff8730677,xclick,Mobilephone,1,0.33875,0.3825,0.424167,0.684167,0,0,0,1,0
4e1f1ccff8730677,xclick,Mobilephone,1,0.37375,0.64625,0.19,0.214167,0,1,0,1,0
4e1f1ccff8730677,xclick,Mobilephone,1,0.41375,0.504375,0.414167,0.663333,0,0,0,1,0
4e3bf80906981ba8,activemil,Mobilephone,1,0.198125,0.680625,0.430582,0.845216,0,0,0,0,0
4e5d42000e7497a0,xclick,Mobilephone,1,0.2475,0.396875,0.521994,0.935484,0,0,0,0,0
4e6055200c034504,activemil,Mobilephone,1,0.325,0.707812,0.051765,0.88,0,0,0,0,0
4e66b55bfaa1d3bc,activemil,Mobilephone,1,0.253125,0.808125,0.089714,0.945089,0,0,0,0,0
4e8a6cc5998ac298,xclick,Mobilephone,1,0.242,0.832,0,0.935738,0,1,0,0,0
4e9b2db0b3616b5c,activemil,Mobilephone,1,0.396875,0.53875,0.045606,0.370412,1,0,0,0,0
4e9f13f387e00f17,xclick,Mobilephone,1,0.523529,0.742647,0.829102,0.920898,1,0,0,0,0
4eccea4fca5cb66c,xclick,Mobilephone,1,0.433125,0.8175,0.339587,0.999062,1,1,0,0,0
4eccea4fca5cb66c,xclick,Mobilephone,1,0.53625,0.92375,0.464353,0.999062,0,1,0,0,0
4eeeb98a7bbe7d4c,activemil,Mobilephone,1,0.25625,0.901563,0.126563,0.884375,1,0,0,0,0
4f0a56290341da50,activemil,Mobilephone,1,0.439375,0.545625,0.46516,0.626177,1,0,0,0,0
4f125d98f717e527,activemil,Mobilephone,1,0.490625,0.76875,0.4025,0.886667,0,0,0,0,0
4f3dd53bcb1d1ac0,activemil,Mobilephone,1,0.348125,0.85,0.080675,0.924015,0,0,0,0,0
4f4f6aebfde5473d,activemil,Mobilephone,1,0.419375,0.525,0.388941,0.631678,1,0,0,1,0
4f53f127401c2a9a,activemil,Mobilephone,1,0.5725,0.698125,0.594747,0.821764,0,0,0,0,0
4f55e684106bce1d,activemil,Mobilephone,1,0.330686,0.524188,0.588473,0.901921,1,1,0,0,0
4f567afa3ea9f026,activemil,Mobilephone,1,0.057813,0.971875,0.007812,0.964063,0,0,0,0,0
4f6baefc1d278a17,activemil,Mobilephone,1,0.1525,0.655625,0.044007,0.972846,0,0,0,0,0
4f73a52b8a9b792d,activemil,Mobilephone,1,0.514063,0.98125,0.054688,0.945312,0,1,0,0,0
4f7778dac6e07b4c,activemil,Mobilephone,1,0.054375,0.96125,0.115385,0.99531,0,1,0,0,0
4f9691c096eccd91,activemil,Mobilephone,1,0.095714,0.236429,0.463333,0.87,0,0,0,0,0
4f998379ac91b45a,activemil,Mobilephone,1,0.105152,0.867325,0.211029,0.852598,1,0,0,0,0
4f9c586140035d9a,activemil,Mobilephone,1,0.537582,0.777778,0.678105,0.883987,1,0,0,0,0
4fa91bebc2a56efd,activemil,Mobilephone,1,0.38375,1,0,0.878531,0,1,0,0,0
4fae402e2586a44f,activemil,Mobilephone,1,0.285625,0.518125,0.152975,0.978281,0,0,0,0,0
4fcd59e4b3ecd059,activemil,Mobilephone,1,0.005625,0.94875,0.0394,0.951219,0,1,0,0,0
4fcd689ced9938e6,activemil,Mobilephone,1,0.52,0.66375,0.382879,0.809031,0,0,0,1,0
4fcd689ced9938e6,xclick,Mobilephone,1,0.131875,0.1675,0.643462,0.657573,1,0,0,0,0
4fcd689ced9938e6,xclick,Mobilephone,1,0.231875,0.238125,0.536218,0.547507,1,0,0,0,0
4fcd689ced9938e6,xclick,Mobilephone,1,0.255,0.2725,0.534337,0.568203,1,0,0,0,0
4fcd689ced9938e6,xclick,Mobilephone,1,0.503125,0.51625,0.553151,0.562559,1,0,0,0,0
4fcd689ced9938e6,xclick,Mobilephone,1,0.6725,0.68375,0.556914,0.560677,1,0,0,0,0
4fcd689ced9938e6,xclick,Mobilephone,1,0.77625,0.785,0.560677,0.568203,1,0,0,0,0
4fe4b88eee4c27db,xclick,Mobilephone,1,0,0.996875,0,0.997917,0,1,0,0,0
4feab7fe0e708321,activemil,Mobilephone,1,0.359375,0.75625,0.028169,0.974178,0,0,0,0,0
4ff023ca85ba4c1b,activemil,Mobilephone,1,0.135625,0.629375,0.00469,0.840525,1,0,0,0,0
4ff992b83cc686cb,xclick,Mobilephone,1,0.095312,0.88125,0,0.997917,1,1,0,0,0
4fff72b0ec16de18,xclick,Mobilephone,1,0.359375,0.623438,0.225,0.997917,0,1,0,0,0
501fba7c3c82c7f3,activemil,Mobilephone,1,0.01,0.99125,0.073171,0.915572,0,1,0,0,0
502ca6c51aaea617,activemil,Mobilephone,1,0.41625,0.58625,0.115,0.536667,0,0,0,0,0
7a71334681fc7a68,xclick,Mobilephone,1,0.308561,0.719661,0.4875,0.986875,0,0,0,0,0
7a7f994d424d91a1,activemil,Mobilephone,1,0.276875,0.704375,0.110833,0.935,1,0,0,0,0
7a7f994d424d91a1,xclick,Mobilephone,1,0.036875,0.78,0.814167,0.999167,0,1,0,0,0
7a805d657acad60b,activemil,Mobilephone,1,0.06375,0.210625,0.231421,0.625588,1,0,0,0,0
7a8d767f6bc89b70,activemil,Mobilephone,1,0.264,0.648,0.077,0.679,1,0,0,0,0
7a8dc6c7b16d8947,activemil,Mobilephone,1,0,1,0.029049,0.932218,0,1,0,0,0
7a9e5bf86417afed,activemil,Mobilephone,1,0.1625,0.8,0.125468,0.912921,0,0,0,0,0
7aa0e0d4d5a58aae,activemil,Mobilephone,1,0.215719,0.787625,0,0.93875,1,0,0,0,0
7ab260a82bdb6180,activemil,Mobilephone,1,0.247292,0.713899,0.349375,1,1,0,0,0,0
7ab2ef4ae20037da,activemil,Mobilephone,1,0.130705,0.871369,0.049919,0.990338,0,0,0,0,0
7abe87a8032bdc50,activemil,Mobilephone,1,0.318125,0.96,0.142857,0.63212,0,0,0,0,0
7abf85275f2c1d75,activemil,Mobilephone,1,0.185625,0.4975,0.741667,0.98,1,1,0,0,0
7adcb1cfb618b6a1,xclick,Mobilephone,1,0.1375,0.81625,0.117261,0.999062,1,1,0,0,0
7ae10e4a345a1461,activemil,Mobilephone,1,0.571875,0.70625,0.177298,0.658537,0,0,0,1,0
7ae3f7c068af51d4,activemil,Mobilephone,1,0.17625,0.823125,0.064607,0.955056,0,0,0,0,0
7ae8f626c79cf4fe,activemil,Mobilephone,1,0.766667,0.948333,0.0225,0.56875,0,0,0,1,0
7ae8f626c79cf4fe,xclick,Mobilephone,1,0.0125,0.180833,0.22625,0.74125,0,0,0,1,0
7ae8f626c79cf4fe,xclick,Mobilephone,1,0.171667,0.275,0.28375,0.6425,0,0,0,1,0
7ae8f626c79cf4fe,xclick,Mobilephone,1,0.498333,0.770833,0.00125,0.6575,0,1,0,1,0
7aea211722dd3cc0,xclick,Mobilephone,1,0.324375,0.623125,0.2775,0.908333,1,0,0,0,0
7af2dc039a9151d8,activemil,Mobilephone,1,0.183125,0.445625,0.121951,0.928705,0,0,0,0,0
7af2dc039a9151d8,xclick,Mobilephone,1,0.526875,0.8225,0.038462,0.913696,0,0,0,0,0
7af707193f792624,activemil,Mobilephone,1,0.21,0.49375,0.111632,0.827392,1,0,0,0,0
7b0cf6927cbefcfe,activemil,Mobilephone,1,0.134375,0.8475,0.093437,0.935484,0,0,0,0,0
7b10596a3fcff2e6,activemil,Mobilephone,1,0.28875,0.8875,0.474167,0.8775,0,0,0,0,0
7b34d29bf4cc0467,xclick,Mobilephone,1,0.223125,0.999375,0,0.656338,0,1,0,0,0
7b4343c56c25f336,xclick,Mobilephone,1,0.492495,0.879925,0.414375,0.650625,1,0,0,0,0
7b5c81e79e1f8b9c,xclick,Mobilephone,1,0.360625,0.521875,0,0.999167,1,1,0,0,0
7b67af031c9a958e,xclick,Mobilephone,1,0,0.1625,0,0.368668,0,1,0,0,0
7b67af031c9a958e,xclick,Mobilephone,1,0.313125,0.785625,0.050657,0.934334,0,0,0,0,0
7b74590a3250aea8,activemil,Mobilephone,1,0.413125,0.6975,0.322002,0.726157,1,0,0,0,0
7b82696ffb4e4032,activemil,Mobilephone,1,0.6775,0.826875,0.098499,0.293621,0,0,0,1,0
7b82696ffb4e4032,xclick,Mobilephone,1,0,0.134375,0.118199,0.262664,0,1,0,1,0
7b82696ffb4e4032,xclick,Mobilephone,1,0.183125,0.353125,0.137899,0.289869,0,0,0,1,0
7b82696ffb4e4032,xclick,Mobilephone,1,0.433125,0.589375,0.137899,0.295497,0,0,0,1,0
7b82696ffb4e4032,xclick,Mobilephone,1,0.914375,0.999375,0.11257,0.257036,0,1,0,1,0
a5a0f1f293d9765b,xclick,Mobilephone,1,0.1325,0.3025,0.575625,0.779375,0,0,0,0,0
a5a0f1f293d9765b,xclick,Mobilephone,1,0.173333,0.244167,0.048125,0.140625,1,0,0,0,0
a5a0f1f293d9765b,xclick,Mobilephone,1,0.2325,0.298333,0.16125,0.256875,1,0,0,0,0
a5a0f1f293d9765b,xclick,Mobilephone,1,0.2575,0.319167,0,0.043125,1,1,0,0,0
a5a0f1f293d9765b,xclick,Mobilephone,1,0.280833,0.474167,0.294375,0.489375,0,0,0,0,0
a5a0f1f293d9765b,xclick,Mobilephone,1,0.3125,0.385,0.05,0.13875,1,0,0,0,0
a5a0f1f293d9765b,xclick,Mobilephone,1,0.3875,0.455833,0.164375,0.26,1,0,0,0,0
a5a0f1f293d9765b,xclick,Mobilephone,1,0.394167,0.545,0.574375,0.7775,0,0,0,0,0
a5a0f1f293d9765b,xclick,Mobilephone,1,0.396667,0.46,0,0.048125,1,1,0,0,0
a5a0f1f293d9765b,xclick,Mobilephone,1,0.4625,0.530833,0.048125,0.13875,1,0,0,0,0
a5a0f1f293d9765b,xclick,Mobilephone,1,0.5125,0.699167,0.294375,0.485625,0,0,0,0,0
a5a0f1f293d9765b,xclick,Mobilephone,1,0.535833,0.601667,0,0.045,1,1,0,0,0
a5a0f1f293d9765b,xclick,Mobilephone,1,0.5425,0.610833,0.164375,0.26,1,0,0,0,0
a5a0f1f293d9765b,xclick,Mobilephone,1,0.604167,0.683333,0.05,0.1425,1,0,0,0,0
a5a0f1f293d9765b,xclick,Mobilephone,1,0.645,0.843333,0.560625,0.7775,0,0,0,0,0
a5a0f1f293d9765b,xclick,Mobilephone,1,0.665,0.726667,0.000625,0.048125,1,1,0,0,0
a5a0f1f293d9765b,xclick,Mobilephone,1,0.699167,0.775,0.1625,0.256875,1,0,0,0,0
a5a0f1f293d9765b,xclick,Mobilephone,1,0.740833,0.940833,0.2925,0.489375,0,0,0,0,0
a5a0f1f293d9765b,xclick,Mobilephone,1,0.759167,0.838333,0.04125,0.136875,1,0,0,0,0
a5a0f1f293d9765b,xclick,Mobilephone,1,0.804167,0.868333,0,0.04125,1,1,0,0,0
a5a0f1f293d9765b,xclick,Mobilephone,1,0.863333,0.938333,0.16125,0.253125,1,0,0,0,0
a5a0f1f293d9765b,xclick,Mobilephone,1,0.8975,0.999167,0.560625,0.779375,0,1,0,0,0
a5a0f1f293d9765b,xclick,Mobilephone,1,0.904167,0.986667,0.046875,0.1425,1,0,0,0,0
a5a0f1f293d9765b,xclick,Mobilephone,1,0.943333,0.999167,0,0.04125,1,1,0,0,0
a5a0f1f293d9765b,xclick,Mobilephone,1,0.968333,0.999167,0.290625,0.489375,0,1,0,0,0
a5a7917041f37be2,activemil,Mobilephone,1,0.26,0.816667,0.22,0.89375,0,0,0,0,0
a5d9c989a1255404,activemil,Mobilephone,1,0.138702,0.375839,0.374069,0.551416,0,0,0,0,0
a5e101b1757c2221,xclick,Mobilephone,1,0.141274,0.807479,0.023125,0.985,0,0,0,0,0
a5e7f6c3ff3482ee,activemil,Mobilephone,1,0.219375,0.410625,0.352828,0.688399,1,0,0,1,0
a5e7f6c3ff3482ee,xclick,Mobilephone,1,0.339375,0.440625,0.654842,0.939597,1,0,0,0,0
a5e7f6c3ff3482ee,xclick,Mobilephone,1,0.440625,0.47125,0.35954,0.447747,1,0,0,1,0
a5e7f6c3ff3482ee,xclick,Mobilephone,1,0.47125,0.555625,0.64813,0.926175,0,0,0,1,0
a5e7f6c3ff3482ee,xclick,Mobilephone,1,0.599375,0.711875,0.6721,0.954938,1,0,0,0,0
a5e7f6c3ff3482ee,xclick,Mobilephone,1,0.7175,0.845625,0.690316,0.999041,1,1,0,0,0
a604dd6cf38a4a12,xclick,Mobilephone,1,0.169375,0.41,0.186667,0.714167,1,0,0,1,0
a6069347aa4c56af,activemil,Mobilephone,1,0.33375,0.6625,0.084167,0.880833,0,0,0,0,0
a60f1e9eedc154ec,activemil,Mobilephone,1,0.28625,0.66,0.364407,0.688324,1,0,0,0,0
a60f6578ddc65f06,activemil,Mobilephone,1,0.78125,0.91875,0.65,0.825,1,0,0,0,0
a60f6578ddc65f06,xclick,Mobilephone,1,0.773438,0.925,0.88125,0.9875,1,0,0,0,0
a61817933e315b30,xclick,Mobilephone,1,0.60125,0.7525,0.635568,0.780369,0,0,0,0,0
a61817933e315b30,xclick,Mobilephone,1,0.625625,0.73625,0.396501,0.653061,1,0,0,0,0
a61817933e315b30,xclick,Mobilephone,1,0.778125,0.880625,0.425656,0.740525,1,0,0,0,0
a63ec826110a9270,xclick,Mobilephone,1,0.474061,0.531306,0.526667,0.721667,0,0,0,0,0
a66b8699467a0805,activemil,Mobilephone,1,0.024375,0.203125,0.451327,0.659292,1,0,0,0,0
a66e4228021579c4,activemil,Mobilephone,1,0.2025,0.399167,0.234375,0.475,1,0,0,0,0
a66effd8fa7278f2,activemil,Mobilephone,1,0.273333,0.721667,0.153125,0.84375,0,0,0,0,0
c651dfdc529ae969,activemil,Mobilephone,1,0.195714,0.781429,0.129032,0.987097,0,0,0,0,0
c6712d0d7ab1e2b3,activemil,Mobilephone,1,0.0475,0.3325,0.530019,0.939963,1,0,0,0,0
c6712d0d7ab1e2b3,xclick,Mobilephone,1,0.205,0.365,0.28424,0.385553,1,0,0,0,0
c6712d0d7ab1e2b3,xclick,Mobilephone,1,0.543125,0.699375,0.605066,0.772045,1,0,0,0,0
c677c5721bd80c0e,activemil,Mobilephone,1,0.1675,0.29875,0.714822,0.998124,0,1,0,0,0
c679bdb7e57087ed,activemil,Mobilephone,1,0.03125,0.895,0.085833,0.998333,0,1,0,0,0
c6b1b138a7cec72d,activemil,Mobilephone,1,0.215625,0.9825,0.349906,0.84334,1,0,0,0,0
c6b960cbd233c9d3,activemil,Mobilephone,1,0.423823,0.609418,0.329688,0.46875,1,0,0,0,0
c6b979e61fc98483,activemil,Mobilephone,1,0.074375,0.8475,0.169476,1,1,1,0,0,0
c6c626d70c52a026,activemil,Mobilephone,1,0.152765,0.931584,0.105625,0.96125,1,0,0,0,0
c6d737e6d7200548,activemil,Mobilephone,1,0.79085,0.980392,0.30719,0.78268,0,0,0,0,0
c6d737e6d7200548,xclick,Mobilephone,1,0.630719,0.767974,0.285948,0.387255,1,0,0,0,0
c6dbd74185886549,activemil,Mobilephone,1,0.341,0.951,0.178667,0.993333,0,1,0,0,0
c6dbd74185886549,xclick,Mobilephone,1,0.104,0.291,0.325333,0.752,1,0,0,1,0
c6dbd74185886549,xclick,Mobilephone,1,0.255,0.428,0.404,0.773333,0,0,0,1,0
c6f4d12d0c579061,activemil,Mobilephone,1,0.7475,0.884375,0.456214,0.713094,0,0,0,0,0
c6fdd857912e1d07,activemil,Mobilephone,1,0.39625,0.66875,0.097561,0.952158,1,1,0,0,0
c7356905c3a7c42a,activemil,Mobilephone,1,0.142157,0.848039,0.050654,0.972222,0,0,0,0,0
c73ec626ef7db762,activemil,Mobilephone,1,0.350625,0.549375,0.334586,0.531015,1,0,0,0,0
c74515955f5e2f0c,activemil,Mobilephone,1,0.2275,0.945625,0.148876,0.938202,0,0,0,0,0
c753c83e57c2f7d1,xclick,Mobilephone,1,0.1625,0.332812,0.340625,0.546875,0,0,0,0,0
c753c83e57c2f7d1,xclick,Mobilephone,1,0.173438,0.492188,0.067188,0.3375,0,0,0,0,0
c753c83e57c2f7d1,xclick,Mobilephone,1,0.196875,0.334375,0.579687,0.678125,1,0,0,0,0
c753c83e57c2f7d1,xclick,Mobilephone,1,0.204688,0.328125,0.521875,0.5875,1,0,0,0,0
c753c83e57c2f7d1,xclick,Mobilephone,1,0.384375,0.520312,0.109375,0.307813,1,0,0,0,0
c753c83e57c2f7d1,xclick,Mobilephone,1,0.44375,0.784375,0.43125,0.642187,0,0,0,0,0
c753c83e57c2f7d1,xclick,Mobilephone,1,0.484375,0.765625,0.590625,0.807813,1,0,0,0,0
c753c83e57c2f7d1,xclick,Mobilephone,1,0.523438,0.651563,0.2875,0.484375,1,0,0,0,0
c753c83e57c2f7d1,xclick,Mobilephone,1,0.546875,0.620313,0.125,0.257812,1,0,0,0,0
c753c83e57c2f7d1,xclick,Mobilephone,1,0.590625,0.71875,0.101562,0.292188,0,0,0,0,0
c753c83e57c2f7d1,xclick,Mobilephone,1,0.64375,0.798437,0.289062,0.476562,1,0,0,0,0
c7774c2c58f3fec7,xclick,Mobilephone,1,0,0.204225,0.182965,0.902208,1,1,0,0,0
c77b4560ee6ea72b,activemil,Mobilephone,1,0.088843,0.876722,0.069789,0.849403,1,0,0,0,0
c7aae53fbe0daba3,activemil,Mobilephone,1,0.310625,0.470625,0.606742,0.752809,1,0,0,0,0
c7ab4570907f6081,xclick,Mobilephone,1,0.521667,0.7225,0.55375,0.65125,0,0,0,0,0
c7ab4570907f6081,xclick,Mobilephone,1,0.74,0.999167,0.37,0.990625,0,1,0,0,0
c7d682a1e9a0e99b,xclick,Mobilephone,1,0.0775,0.831667,0.150625,0.853125,0,0,0,0,0
c7f2b2aa791aca16,activemil,Mobilephone,1,0.008333,0.811111,0.266667,0.975,0,1,0,0,0
c813492c557ec1ad,activemil,Mobilephone,1,0.075,0.96,0.05287,0.922961,0,0,0,0,0
c828e8a1aeb9cedd,activemil,Mobilephone,1,0.475586,0.707031,0.251101,0.860499,1,0,0,0,0
c829436ef9c6f80e,xclick,Mobilephone,1,0.304375,0.763125,0,0.99906,1,1,0,0,0
c83c880fc7b57755,activemil,Mobilephone,1,0.392606,0.579225,0.271875,0.8125,1,0,0,0,0
c845232f86a000b8,activemil,Mobilephone,1,0.064167,0.785,0.02875,0.97625,0,0,0,0,0
c878adc907e061c4,xclick,Mobilephone,1,0.477539,0.602539,0.316642,0.459499,1,0,0,0,0
c878adc907e061c4,xclick,Mobilephone,1,0.547852,0.578125,0.293078,0.488954,1,0,0,0,0
c88a4737f0cb165f,activemil,Mobilephone,1,0.355625,0.8575,0.035581,0.820225,0,0,0,0,0
c89aed8d660cf2b4,xclick,Mobilephone,1,0.431373,0.526144,0.158497,0.856209,0,0,0,1,0
c8a1800d6e054323,activemil,Mobilephone,1,0.433125,0.629375,0.573171,0.754221,1,0,0,0,0
c8a846747861ee91,activemil,Mobilephone,1,0.305714,0.684286,0.021505,1,1,0,0,0,0
c8a846747861ee91,xclick,Mobilephone,1,0.892857,0.997143,0.098925,0.176344,1,1,0,0,0
c8a846747861ee91,xclick,Mobilephone,1,0.902857,0.998571,0.688172,0.997849,0,1,0,0,0
c8af0cffd7b7e647,xclick,Mobilephone,1,0.189167,0.858333,0.205,0.87125,0,0,0,0,0
c8d0d82f9b341f8a,activemil,Mobilephone,1,0.5075,0.893125,0.093484,0.752597,0,0,0,0,0
c8e2a41ccf1c23be,activemil,Mobilephone,1,0.01125,0.913125,0.043333,0.983333,0,0,0,0,0
c8e8e0014915f8bd,activemil,Mobilephone,1,0.448125,0.8025,0.071295,0.69137,0,0,0,0,0
c8e8e0014915f8bd,xclick,Mobilephone,1,0.444375,0.5675,0.303002,0.420263,1,0,0,0,0
c8f4080623865f4a,xclick,Mobilephone,1,0.3675,0.510625,0.216698,0.331144,1,0,0,0,0
c9107bdd8847ea27,activemil,Mobilephone,1,0.208125,0.450625,0.035,0.819167,0,0,0,0,0
c9107bdd8847ea27,xclick,Mobilephone,1,0,0.256875,0.0925,0.999167,0,1,0,0,0
c9107bdd8847ea27,xclick,Mobilephone,1,0.459375,0.7425,0.061667,0.675,0,0,0,0,0
c9107bdd8847ea27,xclick,Mobilephone,1,0.6725,0.999375,0.06,0.955833,0,1,0,0,0
c91317f3571a3f1a,xclick,Mobilephone,1,0.372274,0.442368,0.786667,0.901111,0,0,0,1,0
c91930b9d547dba6,activemil,Mobilephone,1,0.207317,0.378049,0.415625,0.63125,1,0,0,0,0
c91bef224360d04a,xclick,Mobilephone,1,0.184,0.758667,0.086519,0.641851,1,0,0,0,0
c91bef224360d04a,xclick,Mobilephone,1,0.222667,0.86,0.229376,0.828974,1,0,0,0,0
c922bd99468be5a6,activemil,Mobilephone,1,0.253125,0.73125,0.0625,0.901563,1,0,0,0,0
c93bac1ced57f314,xclick,Mobilephone,1,0.226667,0.548333,0.02875,0.3525,1,0,0,0,0
c93bac1ced57f314,xclick,Mobilephone,1,0.3225,0.671667,0.19875,0.5575,1,0,0,0,0
c93bac1ced57f314,xclick,Mobilephone,1,0.371667,0.740833,0.40875,0.74,1,0,0,0,0
c93bac1ced57f314,xclick,Mobilephone,1,0.473333,0.796667,0.6175,0.89875,1,0,0,0,0
c9714c21f7f7837b,activemil,Mobilephone,1,0,0.986405,0,0.711656,0,1,0,0,0
c98f9c05568652be,xclick,Mobilephone,1,0.03375,0.263125,0.116402,0.799824,0,0,0,0,0
c98f9c05568652be,xclick,Mobilephone,1,0.280625,0.414375,0.069665,0.880071,0,0,0,0,0
c98f9c05568652be,xclick,Mobilephone,1,0.414375,0.71625,0.048501,0.881834,0,0,0,0,0
c98f9c05568652be,xclick,Mobilephone,1,0.755,0.97,0.171076,0.780423,0,0,0,0,0
c9959d2d4e77e27c,activemil,Mobilephone,1,0.431875,0.97125,0.22625,0.894375,0,0,0,0,0
c9959d2d4e77e27c,xclick,Mobilephone,1,0.03125,0.579375,0.048125,0.816875,0,0,0,0,0
c9b4f3b3af0f4f03,activemil,Mobilephone,1,0.3475,0.63875,0.162921,0.846442,0,0,0,0,0
c9b5bfdfb61feff9,activemil,Mobilephone,1,0.2,0.92375,0.275,0.721667,1,0,0,0,0
c9c7ade393e3c496,activemil,Mobilephone,1,0.6025,0.89125,0.189493,0.718574,1,0,0,1,0
c9c845f5dc124676,activemil,Mobilephone,1,0.00625,0.20125,0.136667,0.371667,0,1,0,0,0
c9eb80b2c7d76157,xclick,Mobilephone,1,0.474219,0.938281,0.341549,0.778169,1,0,0,0,0
ca005703ec3e4951,xclick,Mobilephone,1,0.09322,0.903602,0.036875,0.96125,0,0,0,0,0
ca007ca0bbae69ea,activemil,Mobilephone,1,0.004375,1,0.057223,1,0,1,0,0,0
ca09d6f55861e0b9,activemil,Mobilephone,1,0,0.995,0.024331,1,0,0,0,0,0
ca1572f3cbaf3bd8,xclick,Mobilephone,1,0.047,0.237,0.284298,0.533884,1,0,0,0,0
ca1572f3cbaf3bd8,xclick,Mobilephone,1,0.241,0.354,0.347107,0.601653,1,0,0,0,0
ca1572f3cbaf3bd8,xclick,Mobilephone,1,0.335,0.476,0.857851,0.958678,1,0,0,0,0
ca1572f3cbaf3bd8,xclick,Mobilephone,1,0.453,0.543,0.396694,0.636364,1,0,0,0,0
ca1572f3cbaf3bd8,xclick,Mobilephone,1,0.592,0.699,0.659504,0.938843,1,0,0,0,0
ca1572f3cbaf3bd8,xclick,Mobilephone,1,0.636,0.774,0.371901,0.601653,1,0,0,0,0
ca1572f3cbaf3bd8,xclick,Mobilephone,1,0.822,0.953,0.327273,0.42314,1,0,0,0,0
ca1572f3cbaf3bd8,xclick,Mobilephone,1,0.848,0.964,0.413223,0.509091,1,0,0,0,0
ca2101c7c2b0c738,activemil,Mobilephone,1,0.455625,0.63125,0.325843,0.695693,1,0,0,0,0
ca2216e9ea1ad46e,activemil,Mobilephone,1,0.329688,0.667188,0.096471,0.96,0,0,0,0,0
ca2216e9ea1ad46e,xclick,Mobilephone,1,0.690625,0.875,0.637647,0.943529,0,0,0,0,0
ca2d89052ebf6245,activemil,Mobilephone,1,0,0.96375,0.151032,0.989681,1,1,0,0,0
ca3fc160e112ebd6,activemil,Mobilephone,1,0.331875,0.663125,0.273333,0.954444,1,1,0,0,0
ca44c948cf79f765,activemil,Mobilephone,1,0.165103,0.77955,0.15125,0.863125,0,0,0,0,0
ca457477e20a76f4,activemil,Mobilephone,1,0.046667,0.891667,0.077491,0.937269,0,0,0,0,0
ca47e122273fc3d1,activemil,Mobilephone,1,0.34125,0.866875,0.569418,0.952158,0,0,0,0,0
ca5865710c8f05d0,activemil,Mobilephone,1,0.0575,0.17375,0.801667,0.941667,1,0,0,0,0
ca5d9043696ad98f,activemil,Mobilephone,1,0.07125,0.8875,0.06379,0.882739,1,0,0,0,0
ca684d08b24555d7,activemil,Mobilephone,1,0.226875,0.856875,0.014939,1,1,1,0,0,0
ca6be6ef9f504452,activemil,Mobilephone,1,0.014706,0.51634,0.120915,1,1,1,0,0,0
ca6c60b635f95aec,activemil,Mobilephone,1,0.092694,0.922574,0.040616,0.941176,0,0,0,0,0
ca6e8102102b3e79,activemil,Mobilephone,1,0.481875,0.771875,0.362182,0.700847,1,0,0,0,0
ca7df728f4072636,activemil,Mobilephone,1,0.3,0.754375,0.206929,0.965356,1,1,0,0,0
ca909ab474c8ab7a,activemil,Mobilephone,1,0.31375,0.780625,0.0275,0.96,1,0,0,0,0
caa94975bdfb5ebf,activemil,Mobilephone,1,0.158125,0.9325,0.22045,0.927767,1,1,0,0,0
caa9f27dbc1f8073,activemil,Mobilephone,1,0,1,0.112994,0.879473,0,1,0,0,0
caae42dca4df0e89,activemil,Mobilephone,1,0.17,0.818125,0,1,0,1,0,0,0
cab66cec1c9a0cf8,activemil,Mobilephone,1,0.311445,0.731707,0.17875,0.848125,0,0,0,0,0
cabe88ff2bb47045,activemil,Mobilephone,1,0.10625,0.52625,0.0075,0.9875,1,0,0,0,0
cacf84ae13d2da8f,activemil,Mobilephone,1,0.205,0.719375,0.158537,0.877111,1,0,0,0,0
cae5481ea8997012,activemil,Mobilephone,1,0.049812,0.194549,0.668125,0.80625,0,0,0,0,0
cae7d94a25c483b0,xclick,Mobilephone,1,0,0.999375,0,0.999064,0,1,0,0,0
cb010262b45935eb,activemil,Mobilephone,1,0.70875,0.98375,0.137512,0.914874,1,0,0,0,0
cb010262b45935eb,xclick,Mobilephone,1,0,0.429375,0.29841,0.999065,1,0,0,0,0
cb03641688aaadc3,activemil,Mobilephone,1,0.370119,0.750424,0.50625,0.845625,1,0,0,0,0
cb03641688aaadc3,xclick,Mobilephone,1,0.354839,0.66129,0.210625,0.53,1,0,0,0,0
cb2109b98e6fd4eb,activemil,Mobilephone,1,0.10901,0.313682,0.54775,0.809001,1,0,0,0,0
cb2bc9fdffa0ae02,xclick,Mobilephone,1,0.29375,0.45,0.252345,0.662289,1,0,0,0,0
cb2c6be41bdcc605,activemil,Mobilephone,1,0.210784,0.678105,0.166667,0.946078,0,0,0,0,0
cb41de46dbcbbbb5,activemil,Mobilephone,1,0.24,0.368125,0.529081,0.742964,1,0,0,0,0
cb4d304cce1bdc67,activemil,Mobilephone,1,0.00625,0.2475,0.376667,0.945833,1,0,0,0,0
cb608c4b326ff117,activemil,Mobilephone,1,0.0275,0.969167,0.054375,0.979375,0,1,0,0,0
cb7a16d5d5dc2e0e,activemil,Mobilephone,1,0.42375,0.53,0.402439,0.620075,1,0,0,0,0
cb8dea562d80b2ea,activemil,Mobilephone,1,0.259804,0.596405,0.264706,0.684641,1,0,0,1,0
cb984f064fb46b7b,xclick,Mobilephone,1,0.006329,0.449367,0,0.970954,0,0,0,0,0
cbb4021493395f69,activemil,Mobilephone,1,0,0.919444,0.114063,1,0,1,0,1,0
cbcc3e94b2700319,activemil,Mobilephone,1,0.789844,0.978906,0.236458,0.863542,1,0,0,0,0
cbcc3e94b2700319,xclick,Mobilephone,1,0.10625,0.296094,0.221875,0.732292,0,0,0,0,0
cbcc3e94b2700319,xclick,Mobilephone,1,0.417188,0.834375,0.654167,0.998958,0,1,0,0,0
cbe16667eeb118da,activemil,Mobilephone,1,0.271875,0.46875,0.392732,0.635404,0,0,0,0,0
cc110d29228557bf,activemil,Mobilephone,1,0.295,0.7325,0.042222,1,0,1,0,0,0
cc2b1c4268ca8f5c,xclick,Mobilephone,1,0.71125,0.83625,0.731638,0.852166,1,0,0,0,0
cc321cdceab9c4aa,activemil,Mobilephone,1,0.085625,0.6425,0.332083,0.783302,1,0,0,0,0
cc52d3de979214e3,activemil,Mobilephone,1,0.091503,0.829132,0,0.58625,0,1,0,0,0
cc54360461f058bb,activemil,Mobilephone,1,0.1675,0.72625,0.20075,1,0,1,0,0,0
cc5a76704f56b0aa,activemil,Mobilephone,1,0.15,0.685,0.018832,0.62806,1,0,0,0,0
cc5a76704f56b0aa,xclick,Mobilephone,1,0.2575,0.899375,0.390772,0.999058,0,1,0,0,0
cc750ef48d1afc9e,activemil,Mobilephone,1,0.474,0.758,0.173684,0.750526,1,0,0,0,0
cc750ef48d1afc9e,xclick,Mobilephone,1,0.143,0.608,0.452632,0.784211,0,0,0,0,0
cc7e4d98f8adb913,activemil,Mobilephone,1,0.375,0.72875,0.651667,0.97,1,1,0,0,0
cc84e55ce4550f84,activemil,Mobilephone,1,0.2475,0.609375,0.609711,0.923436,1,0,0,0,0
cc938224ea5e152d,xclick,Mobilephone,1,0.5,0.720312,0.49375,0.997917,1,1,0,0,0
cc9494c28fa584f6,activemil,Mobilephone,1,0.14,0.60375,0.373358,0.971857,1,1,0,0,0
cc9494c28fa584f6,xclick,Mobilephone,1,0.389375,0.999375,0.347092,0.999062,0,1,0,0,0
cca3ee33547f7d1e,xclick,Mobilephone,1,0.690432,0.904315,0.73,0.8775,0,0,0,0,0
cca4b1a1d8959557,activemil,Mobilephone,1,0.219662,0.46851,0.016461,0.532922,1,0,0,0,0
cca4b1a1d8959557,xclick,Mobilephone,1,0.03533,0.238095,0.030864,0.534979,1,0,0,0,0
ccab397868ca5bb9,activemil,Mobilephone,1,0.26,0.676875,0,0.934334,1,0,0,0,0
ccc68746299dc263,xclick,Mobilephone,1,0.445625,0.79125,0.302064,0.692308,1,0,0,0,0
fffcbc0b28c934f7,xclick,Mobilephone,1,0.386875,0.5575,0.189167,0.616667,1,0,0,1,0
